Employee_ID,City,Gender,Department,Marital_Status,Education_Level,Satisfaction_Level,Experience_Level,Employee_Rating,Age,Salary,Work_Experience_Years,Hours_Worked_Per_Week,Promotion_Last_Year,Contract_Type,Work_Shift,Remote_Work,Transport,Internet_Availability
1001,Kolkata,Other,Support,Married,PhD,Low,Mid,2,46,91696,9,54,Yes,Full-Time,Night,Allowed,Own Vehicle,Average
1002,Bangalore,Male,Finance,Divorced,Bachelor,Very Low,Lead,1,32,81510,6,25,No,Contract,Morning,Not Allowed,Public Transport,Good
1003,Chennai,Female,Support,Married,Bachelor,Very High,Senior,1,31,140076,27,24,Yes,Full-Time,Morning,Not Allowed,Own Vehicle,Good
1004,Bangalore,Male,IT,Single,Bachelor,High,Mid,4,57,78692,16,41,No,Contract,Evening,Not Allowed,Public Transport,Average
1005,Bangalore,Female,Marketing,Married,Master,High,Senior,3,45,81744,3,42,No,Part-Time,Night,Not Allowed,Company Cab,Poor
1006,Mumbai,Female,Marketing,Single,High School,Low,Lead,3,38,35810,28,44,No,Contract,Morning,Allowed,Company Cab,Average
1007,Chennai,Female,Marketing,Single,High School,Very High,Senior,1,39,25126,12,53,Yes,Part-Time,Evening,Not Allowed,Public Transport,Average
1008,Chennai,Female,IT,Married,Bachelor,High,Junior,5,43,50009,3,45,No,Full-Time,Morning,Not Allowed,Company Cab,Poor
1009,Chennai,Female,IT,Divorced,High School,Very Low,Senior,2,58,119120,4,24,Yes,Full-Time,Morning,Allowed,Own Vehicle,Average
1010,Bangalore,Other,Support,Widow,High School,Low,Mid,5,38,131718,25,45,No,Part-Time,Evening,Allowed,Company Cab,Poor
1011,Kolkata,Male,HR,Married,Bachelor,Very High,Senior,5,46,110932,21,39,No,Full-Time,Evening,Not Allowed,Own Vehicle,Poor
1012,Chennai,Other,Support,Single,Bachelor,Low,Senior,1,26,20192,3,25,No,Part-Time,Morning,Allowed,Public Transport,Average
1013,Hyderabad,Female,Finance,Single,PhD,Very Low,Junior,1,24,136464,17,25,Yes,Full-Time,Morning,Not Allowed,Public Transport,Poor
1014,Bangalore,Male,Sales,Married,High School,Very High,Senior,1,49,56413,5,37,Yes,Contract,Evening,Allowed,Company Cab,Average
1015,Mumbai,Female,Marketing,Divorced,Master,Low,Senior,4,54,32816,23,23,No,Full-Time,Morning,Allowed,Company Cab,Poor
1016,Kolkata,Male,HR,Divorced,Bachelor,Medium,Lead,5,37,59082,23,36,No,Contract,Morning,Not Allowed,Own Vehicle,Good
1017,Hyderabad,Other,Sales,Single,PhD,Very Low,Lead,3,36,85048,22,33,Yes,Contract,Evening,Allowed,Own Vehicle,Poor
1018,Hyderabad,Male,HR,Single,Master,Very Low,Mid,2,22,143130,21,33,Yes,Part-Time,Morning,Not Allowed,Company Cab,Poor
1019,Mumbai,Male,Support,Divorced,High School,Very Low,Lead,4,54,70940,1,32,Yes,Full-Time,Morning,Allowed,Company Cab,Average
1020,Kolkata,Male,IT,Widow,PhD,Medium,Lead,3,28,52130,22,26,No,Part-Time,Night,Allowed,Public Transport,Poor
1021,Bangalore,Male,Marketing,Married,Bachelor,Medium,Lead,5,33,60142,10,34,Yes,Full-Time,Evening,Allowed,Public Transport,Good
1022,Delhi,Male,Support,Single,Master,High,Lead,1,28,149564,27,38,No,Contract,Night,Allowed,Public Transport,Good
1023,Kolkata,Female,Sales,Single,Bachelor,Low,Junior,5,50,56468,13,54,Yes,Contract,Night,Allowed,Company Cab,Poor
1024,Mumbai,Male,Sales,Divorced,High School,High,Lead,2,52,50698,29,36,No,Full-Time,Night,Not Allowed,Company Cab,Poor
1025,Hyderabad,Male,Sales,Married,Master,Low,Junior,4,56,30655,4,54,No,Full-Time,Morning,Allowed,Company Cab,Good
1026,Bangalore,Other,Sales,Divorced,High School,Medium,Junior,4,50,67897,5,38,No,Part-Time,Morning,Not Allowed,Public Transport,Average
1027,Kolkata,Male,Sales,Married,High School,Medium,Lead,2,21,50075,9,39,Yes,Full-Time,Night,Allowed,Company Cab,Good
1028,Delhi,Other,HR,Married,PhD,High,Senior,3,59,29359,7,55,Yes,Full-Time,Night,Not Allowed,Own Vehicle,Good
1029,Delhi,Female,Support,Married,Bachelor,Very High,Junior,3,37,149048,13,54,Yes,Full-Time,Night,Allowed,Company Cab,Poor
1030,Chennai,Male,Marketing,Single,Master,High,Senior,4,40,122197,23,51,No,Part-Time,Morning,Not Allowed,Company Cab,Poor
1031,Chennai,Other,IT,Widow,High School,Low,Senior,4,44,125115,2,59,No,Full-Time,Night,Not Allowed,Company Cab,Good
1032,Mumbai,Other,IT,Divorced,High School,High,Lead,1,42,62056,11,43,Yes,Contract,Night,Allowed,Company Cab,Average
1033,Kolkata,Female,Support,Widow,Master,Very Low,Mid,3,49,71831,15,36,No,Part-Time,Evening,Allowed,Company Cab,Good
1034,Kolkata,Male,Support,Divorced,High School,Low,Lead,2,42,79191,27,26,No,Part-Time,Evening,Allowed,Own Vehicle,Good
1035,Hyderabad,Male,IT,Married,PhD,Low,Mid,3,29,138592,29,20,No,Contract,Morning,Not Allowed,Own Vehicle,Average
1036,Hyderabad,Other,IT,Single,PhD,Very High,Mid,1,57,141948,22,54,Yes,Contract,Evening,Not Allowed,Company Cab,Good
1037,Hyderabad,Male,HR,Widow,PhD,Medium,Lead,4,30,53272,16,51,No,Contract,Evening,Allowed,Public Transport,Good
1038,Chennai,Other,Finance,Single,PhD,Low,Lead,4,56,128117,0,55,Yes,Full-Time,Evening,Allowed,Company Cab,Poor
1039,Kolkata,Male,Marketing,Divorced,High School,Medium,Mid,1,57,34671,22,32,Yes,Contract,Morning,Not Allowed,Company Cab,Average
1040,Kolkata,Other,Sales,Single,Master,High,Lead,2,48,47048,9,25,Yes,Full-Time,Evening,Not Allowed,Company Cab,Poor
1041,Delhi,Male,Finance,Single,Master,Very Low,Mid,4,48,96274,24,33,Yes,Part-Time,Morning,Allowed,Public Transport,Poor
1042,Chennai,Female,Support,Widow,Master,Very High,Senior,5,41,45963,22,56,Yes,Part-Time,Night,Not Allowed,Public Transport,Average
1043,Bangalore,Male,IT,Married,Master,Medium,Lead,4,44,63954,9,34,No,Contract,Evening,Allowed,Public Transport,Average
1044,Chennai,Male,Finance,Single,Bachelor,Low,Senior,5,22,92309,20,23,Yes,Full-Time,Morning,Allowed,Own Vehicle,Good
1045,Bangalore,Female,Marketing,Married,Master,Medium,Junior,1,28,122120,23,59,Yes,Contract,Evening,Allowed,Public Transport,Poor
1046,Delhi,Male,Support,Divorced,Bachelor,Low,Senior,1,47,115430,1,35,Yes,Contract,Night,Not Allowed,Own Vehicle,Average
1047,Mumbai,Female,Sales,Single,Bachelor,Medium,Senior,4,42,20717,8,47,No,Full-Time,Morning,Not Allowed,Own Vehicle,Poor
1048,Kolkata,Male,Sales,Widow,PhD,Low,Mid,3,57,31676,21,35,No,Contract,Morning,Not Allowed,Public Transport,Poor
1049,Delhi,Other,Marketing,Divorced,Bachelor,High,Senior,5,47,24434,12,23,No,Part-Time,Morning,Not Allowed,Public Transport,Average
1050,Kolkata,Other,Marketing,Divorced,High School,Low,Lead,2,49,69810,24,45,No,Contract,Night,Allowed,Public Transport,Good
1051,Hyderabad,Male,IT,Widow,Bachelor,Low,Mid,4,23,123361,15,47,Yes,Full-Time,Night,Not Allowed,Own Vehicle,Poor
1052,Mumbai,Male,Sales,Single,PhD,Very Low,Junior,2,33,138696,17,51,Yes,Full-Time,Night,Allowed,Company Cab,Average
1053,Mumbai,Male,Support,Single,Bachelor,Low,Lead,4,30,114636,18,21,No,Part-Time,Morning,Allowed,Public Transport,Good
1054,Delhi,Other,Finance,Divorced,High School,Very Low,Junior,3,56,24994,11,50,No,Full-Time,Night,Allowed,Public Transport,Poor
1055,Mumbai,Male,Support,Single,High School,Very High,Senior,3,29,24234,7,22,No,Full-Time,Evening,Not Allowed,Public Transport,Average
1056,Bangalore,Other,HR,Married,High School,Very Low,Lead,3,47,89300,16,27,No,Part-Time,Night,Allowed,Own Vehicle,Poor
1057,Mumbai,Female,HR,Widow,PhD,High,Lead,3,54,63949,14,43,Yes,Contract,Morning,Allowed,Own Vehicle,Average
1058,Kolkata,Other,Marketing,Married,PhD,Very Low,Junior,1,21,57405,9,34,No,Part-Time,Evening,Not Allowed,Company Cab,Average
1059,Kolkata,Other,IT,Single,Master,Very High,Lead,1,52,54872,14,50,No,Contract,Night,Allowed,Public Transport,Poor
1060,Kolkata,Female,HR,Divorced,PhD,High,Lead,5,45,62215,14,28,No,Part-Time,Evening,Not Allowed,Own Vehicle,Poor
1061,Kolkata,Other,Sales,Widow,High School,Medium,Lead,2,49,43185,22,58,No,Contract,Evening,Not Allowed,Company Cab,Average
1062,Bangalore,Male,Support,Single,High School,Medium,Senior,4,27,63442,6,21,No,Part-Time,Morning,Not Allowed,Public Transport,Good
1063,Chennai,Male,Support,Single,PhD,Very Low,Junior,4,23,143263,12,27,No,Contract,Evening,Allowed,Own Vehicle,Poor
1064,Hyderabad,Other,Marketing,Divorced,Bachelor,Very Low,Lead,1,40,71759,16,26,No,Part-Time,Evening,Not Allowed,Public Transport,Average
1065,Delhi,Male,Finance,Divorced,PhD,Very High,Mid,4,40,61153,8,58,Yes,Contract,Morning,Not Allowed,Public Transport,Average
1066,Kolkata,Other,Marketing,Married,PhD,Very High,Mid,1,50,97535,7,35,Yes,Part-Time,Morning,Not Allowed,Own Vehicle,Good
1067,Mumbai,Male,Finance,Widow,High School,Low,Mid,5,55,122023,19,54,Yes,Full-Time,Morning,Not Allowed,Own Vehicle,Good
1068,Kolkata,Male,Marketing,Widow,Master,Very High,Mid,2,55,22581,25,49,Yes,Contract,Evening,Allowed,Own Vehicle,Good
1069,Mumbai,Other,Marketing,Divorced,High School,Low,Senior,5,59,71717,26,29,Yes,Part-Time,Evening,Not Allowed,Public Transport,Poor
1070,Hyderabad,Male,Marketing,Married,Master,High,Lead,3,47,22763,20,57,Yes,Contract,Evening,Allowed,Public Transport,Average
1071,Hyderabad,Other,Finance,Widow,High School,Very Low,Junior,3,46,112910,17,37,No,Contract,Morning,Not Allowed,Company Cab,Average
1072,Hyderabad,Male,Finance,Divorced,PhD,High,Lead,3,34,75480,12,24,No,Part-Time,Night,Allowed,Public Transport,Average
1073,Mumbai,Male,Marketing,Single,High School,Very High,Senior,5,37,58759,15,48,Yes,Contract,Evening,Not Allowed,Own Vehicle,Good
1074,Kolkata,Female,HR,Widow,High School,High,Mid,4,38,96067,8,58,No,Part-Time,Night,Allowed,Public Transport,Average
1075,Hyderabad,Female,IT,Married,High School,High,Senior,2,49,138094,11,53,Yes,Full-Time,Morning,Not Allowed,Company Cab,Poor
1076,Bangalore,Other,IT,Married,PhD,High,Lead,3,40,45307,11,42,No,Contract,Evening,Allowed,Company Cab,Good
1077,Mumbai,Female,IT,Married,PhD,Very High,Junior,3,47,116371,5,24,No,Full-Time,Night,Allowed,Own Vehicle,Good
1078,Mumbai,Other,Finance,Single,PhD,High,Senior,3,38,31064,18,49,No,Contract,Evening,Allowed,Own Vehicle,Good
1079,Kolkata,Female,Finance,Widow,PhD,Low,Junior,2,24,96848,27,25,No,Contract,Evening,Not Allowed,Company Cab,Good
1080,Mumbai,Male,HR,Widow,Master,Very High,Senior,3,21,57548,6,23,No,Contract,Evening,Allowed,Company Cab,Poor
1081,Mumbai,Other,IT,Single,Master,High,Junior,2,21,56945,24,48,No,Part-Time,Night,Allowed,Company Cab,Average
1082,Hyderabad,Other,IT,Widow,Bachelor,Very High,Junior,3,46,67937,2,42,Yes,Full-Time,Morning,Allowed,Own Vehicle,Poor
1083,Kolkata,Male,Marketing,Single,PhD,Medium,Mid,5,40,26476,15,25,Yes,Contract,Evening,Allowed,Company Cab,Average
1084,Hyderabad,Other,Finance,Single,Master,Low,Junior,5,43,71756,17,51,No,Part-Time,Morning,Not Allowed,Company Cab,Poor
1085,Hyderabad,Other,IT,Single,High School,High,Mid,2,30,110101,15,37,Yes,Contract,Morning,Allowed,Own Vehicle,Good
1086,Kolkata,Female,Support,Married,PhD,Medium,Lead,5,31,22382,22,34,No,Part-Time,Night,Allowed,Public Transport,Good
1087,Delhi,Other,HR,Widow,Bachelor,Medium,Lead,2,25,69683,6,59,Yes,Contract,Night,Allowed,Public Transport,Poor
1088,Hyderabad,Male,Support,Single,Bachelor,Very High,Mid,5,21,107999,3,51,No,Full-Time,Morning,Not Allowed,Company Cab,Poor
1089,Bangalore,Female,Support,Widow,Bachelor,Medium,Mid,5,37,65276,26,28,Yes,Full-Time,Evening,Allowed,Public Transport,Average
1090,Bangalore,Female,HR,Married,High School,Low,Senior,2,42,53402,24,56,No,Contract,Night,Allowed,Public Transport,Poor
1091,Mumbai,Male,Support,Single,Master,Low,Senior,4,54,111881,29,29,Yes,Part-Time,Evening,Allowed,Public Transport,Poor
1092,Bangalore,Male,IT,Divorced,High School,Very Low,Senior,5,49,130300,7,39,No,Contract,Evening,Allowed,Public Transport,Average
1093,Mumbai,Female,Finance,Married,PhD,Low,Lead,3,24,46946,12,25,Yes,Part-Time,Evening,Not Allowed,Company Cab,Average
1094,Delhi,Other,HR,Divorced,Bachelor,Medium,Senior,4,25,99698,12,22,No,Contract,Morning,Allowed,Public Transport,Average
1095,Kolkata,Female,Marketing,Widow,High School,Low,Junior,2,31,134690,16,30,No,Part-Time,Evening,Allowed,Public Transport,Poor
1096,Kolkata,Male,Support,Widow,High School,Very High,Junior,4,41,132309,16,36,No,Full-Time,Morning,Not Allowed,Own Vehicle,Average
1097,Kolkata,Female,HR,Married,Master,Very Low,Senior,1,55,93933,4,51,Yes,Contract,Morning,Not Allowed,Company Cab,Good
1098,Bangalore,Male,Sales,Widow,Master,Medium,Junior,1,32,42335,5,23,Yes,Full-Time,Evening,Not Allowed,Own Vehicle,Good
1099,Delhi,Female,Sales,Divorced,Bachelor,Very Low,Lead,5,46,65095,18,23,Yes,Full-Time,Evening,Allowed,Own Vehicle,Good
1100,Bangalore,Other,Finance,Single,High School,Medium,Junior,5,39,99930,12,36,No,Contract,Evening,Not Allowed,Company Cab,Poor
1101,Bangalore,Female,IT,Single,High School,Very High,Lead,3,27,149974,24,38,Yes,Contract,Evening,Allowed,Public Transport,Good
1102,Delhi,Female,Finance,Single,Master,Very Low,Mid,4,27,47197,27,24,No,Part-Time,Morning,Not Allowed,Own Vehicle,Poor
1103,Delhi,Male,Finance,Married,High School,High,Mid,1,46,147619,25,51,Yes,Part-Time,Evening,Allowed,Company Cab,Poor
1104,Delhi,Male,Finance,Widow,High School,Medium,Mid,5,25,42010,13,41,Yes,Full-Time,Evening,Not Allowed,Public Transport,Good
1105,Delhi,Male,Finance,Divorced,High School,High,Mid,4,41,44123,21,25,Yes,Part-Time,Morning,Allowed,Company Cab,Average
1106,Kolkata,Female,Marketing,Widow,Master,Very Low,Junior,5,34,107923,3,54,Yes,Part-Time,Night,Not Allowed,Own Vehicle,Poor
1107,Chennai,Other,Marketing,Widow,Bachelor,High,Senior,5,24,22890,27,41,No,Contract,Night,Allowed,Public Transport,Good
1108,Chennai,Male,HR,Widow,PhD,High,Junior,1,43,113305,6,20,Yes,Part-Time,Morning,Allowed,Public Transport,Poor
1109,Delhi,Male,Sales,Single,Bachelor,Very Low,Lead,1,40,129162,7,39,Yes,Full-Time,Night,Allowed,Company Cab,Average
1110,Chennai,Female,Finance,Divorced,PhD,Very High,Junior,5,35,140927,24,41,No,Part-Time,Morning,Allowed,Public Transport,Average
1111,Chennai,Male,HR,Divorced,High School,High,Junior,2,49,28026,12,30,No,Full-Time,Evening,Allowed,Own Vehicle,Good
1112,Delhi,Other,Sales,Widow,Bachelor,High,Lead,5,28,84925,26,32,Yes,Contract,Evening,Allowed,Own Vehicle,Poor
1113,Chennai,Other,Support,Single,PhD,Very High,Mid,5,39,88842,5,22,Yes,Full-Time,Night,Allowed,Own Vehicle,Poor
1114,Bangalore,Male,IT,Single,Master,High,Mid,3,59,53665,5,28,No,Part-Time,Evening,Allowed,Company Cab,Poor
1115,Mumbai,Male,Marketing,Divorced,Master,High,Mid,3,48,29277,23,31,No,Contract,Night,Not Allowed,Public Transport,Poor
1116,Mumbai,Female,Support,Single,Bachelor,High,Senior,3,47,62239,27,42,No,Part-Time,Night,Allowed,Public Transport,Good
1117,Delhi,Other,Sales,Single,Bachelor,Low,Lead,2,24,67664,20,33,Yes,Contract,Evening,Allowed,Public Transport,Average
1118,Kolkata,Other,Support,Single,High School,Very High,Lead,2,35,68008,29,52,Yes,Contract,Evening,Not Allowed,Own Vehicle,Good
1119,Delhi,Male,IT,Married,Bachelor,High,Junior,5,55,34683,2,37,Yes,Part-Time,Night,Allowed,Public Transport,Poor
1120,Kolkata,Female,Sales,Widow,High School,Very High,Senior,3,57,20670,27,28,No,Part-Time,Evening,Not Allowed,Own Vehicle,Poor
1121,Mumbai,Other,Support,Divorced,High School,Medium,Mid,2,21,109211,2,42,No,Contract,Morning,Allowed,Public Transport,Average
1122,Delhi,Other,Marketing,Divorced,Master,Medium,Senior,1,23,37889,12,29,No,Contract,Evening,Not Allowed,Own Vehicle,Poor
1123,Hyderabad,Female,Marketing,Married,Master,High,Lead,5,44,75612,21,38,Yes,Part-Time,Evening,Not Allowed,Public Transport,Good
1124,Bangalore,Female,HR,Widow,PhD,Very High,Lead,4,47,64535,1,24,No,Full-Time,Morning,Allowed,Company Cab,Good
1125,Chennai,Other,Support,Divorced,Master,Very High,Junior,5,56,98542,15,42,Yes,Part-Time,Evening,Not Allowed,Company Cab,Average
1126,Kolkata,Other,Finance,Single,Master,Very High,Junior,4,54,74319,21,49,No,Contract,Evening,Allowed,Own Vehicle,Good
1127,Hyderabad,Female,Support,Divorced,Bachelor,Low,Lead,3,49,134072,28,44,Yes,Part-Time,Night,Allowed,Own Vehicle,Good
1128,Chennai,Other,Sales,Single,Master,Medium,Mid,4,44,112067,5,47,Yes,Full-Time,Evening,Allowed,Public Transport,Good
1129,Chennai,Male,Sales,Married,PhD,Very High,Mid,3,44,41639,7,53,No,Part-Time,Evening,Allowed,Public Transport,Good
1130,Delhi,Male,Support,Single,Bachelor,Very High,Senior,1,24,84712,22,44,Yes,Contract,Morning,Not Allowed,Company Cab,Poor
1131,Chennai,Female,IT,Divorced,PhD,Low,Lead,4,23,36633,7,29,No,Part-Time,Night,Allowed,Public Transport,Good
1132,Bangalore,Female,Marketing,Divorced,Master,Low,Lead,5,54,141145,29,33,Yes,Contract,Night,Not Allowed,Own Vehicle,Average
1133,Hyderabad,Female,Sales,Divorced,PhD,Very High,Mid,3,43,54660,24,49,No,Contract,Night,Not Allowed,Own Vehicle,Average
1134,Chennai,Male,Marketing,Married,Bachelor,Very Low,Mid,5,43,88975,5,44,No,Part-Time,Evening,Allowed,Own Vehicle,Good
1135,Delhi,Other,Sales,Married,High School,Very High,Lead,2,25,52172,13,33,Yes,Contract,Night,Allowed,Own Vehicle,Average
1136,Bangalore,Male,HR,Widow,PhD,Very High,Junior,3,51,79197,2,54,No,Contract,Morning,Allowed,Own Vehicle,Good
1137,Mumbai,Other,Finance,Divorced,PhD,Low,Lead,4,26,121158,9,53,Yes,Full-Time,Night,Allowed,Company Cab,Average
1138,Hyderabad,Male,Sales,Single,Bachelor,Low,Lead,3,57,78847,2,29,No,Full-Time,Morning,Not Allowed,Company Cab,Average
1139,Chennai,Other,Marketing,Married,Bachelor,Very High,Mid,5,30,31577,26,54,No,Full-Time,Night,Allowed,Own Vehicle,Good
1140,Delhi,Male,HR,Divorced,PhD,Very High,Mid,1,27,97299,11,30,No,Full-Time,Night,Not Allowed,Public Transport,Good
1141,Mumbai,Female,Sales,Divorced,Master,Very High,Junior,3,59,40176,16,30,No,Contract,Morning,Allowed,Own Vehicle,Poor
1142,Mumbai,Male,IT,Married,PhD,Low,Junior,4,58,64386,26,40,Yes,Part-Time,Night,Allowed,Company Cab,Good
1143,Kolkata,Other,Finance,Widow,Bachelor,Very High,Senior,2,41,83972,28,40,No,Contract,Night,Allowed,Own Vehicle,Good
1144,Bangalore,Male,Sales,Married,High School,Very High,Lead,1,40,140018,4,41,No,Contract,Night,Allowed,Company Cab,Poor
1145,Chennai,Male,HR,Married,High School,High,Mid,2,23,109791,29,26,Yes,Contract,Evening,Not Allowed,Company Cab,Good
1146,Delhi,Male,IT,Single,Master,Very Low,Junior,3,42,61003,19,36,Yes,Part-Time,Morning,Not Allowed,Own Vehicle,Good
1147,Kolkata,Female,Support,Single,PhD,Medium,Senior,5,24,39996,24,21,Yes,Full-Time,Night,Allowed,Own Vehicle,Poor
1148,Bangalore,Male,HR,Widow,High School,Very Low,Senior,5,48,120922,8,31,Yes,Contract,Morning,Not Allowed,Public Transport,Good
1149,Kolkata,Female,HR,Divorced,PhD,High,Mid,4,32,106598,29,37,Yes,Contract,Morning,Not Allowed,Company Cab,Good
1150,Hyderabad,Female,IT,Married,Bachelor,Medium,Mid,5,58,55931,20,30,Yes,Full-Time,Morning,Allowed,Public Transport,Poor
1151,Bangalore,Male,HR,Widow,High School,Very High,Senior,1,56,144168,25,35,No,Contract,Night,Allowed,Own Vehicle,Poor
1152,Bangalore,Male,IT,Single,Master,High,Junior,5,25,55710,19,37,Yes,Part-Time,Night,Not Allowed,Company Cab,Average
1153,Chennai,Male,Sales,Married,Bachelor,Very High,Senior,4,33,143099,6,54,No,Contract,Morning,Not Allowed,Public Transport,Good
1154,Bangalore,Other,IT,Divorced,Master,Low,Lead,3,43,54693,21,45,Yes,Contract,Evening,Not Allowed,Public Transport,Average
1155,Kolkata,Male,IT,Single,Bachelor,High,Lead,3,50,55740,3,35,No,Full-Time,Morning,Not Allowed,Public Transport,Average
1156,Bangalore,Female,Finance,Single,High School,Low,Mid,5,57,97241,12,25,No,Contract,Evening,Allowed,Own Vehicle,Poor
1157,Chennai,Male,IT,Single,Master,High,Junior,2,45,128944,12,31,No,Contract,Morning,Allowed,Own Vehicle,Good
1158,Chennai,Other,IT,Widow,Master,High,Junior,3,47,113583,9,32,Yes,Part-Time,Morning,Not Allowed,Own Vehicle,Good
1159,Hyderabad,Male,Support,Divorced,Bachelor,Low,Lead,5,34,96502,17,23,Yes,Full-Time,Morning,Allowed,Company Cab,Poor
1160,Kolkata,Other,Sales,Married,Master,Medium,Senior,4,56,37374,16,58,Yes,Full-Time,Night,Not Allowed,Own Vehicle,Average
1161,Mumbai,Other,Finance,Widow,Bachelor,Very Low,Mid,5,59,96674,19,21,Yes,Part-Time,Evening,Not Allowed,Company Cab,Poor
1162,Mumbai,Male,Support,Widow,Bachelor,Very High,Senior,3,36,136500,19,45,No,Contract,Evening,Allowed,Public Transport,Good
1163,Bangalore,Female,Marketing,Widow,Bachelor,High,Senior,4,42,101471,12,46,Yes,Full-Time,Morning,Not Allowed,Public Transport,Poor
1164,Hyderabad,Other,Sales,Single,Bachelor,Very High,Senior,5,41,65913,16,46,No,Full-Time,Night,Not Allowed,Own Vehicle,Good
1165,Delhi,Male,Sales,Divorced,High School,Low,Junior,1,41,143683,21,34,No,Contract,Night,Allowed,Public Transport,Average
1166,Bangalore,Male,Marketing,Widow,Bachelor,Very High,Lead,4,28,86025,3,27,Yes,Contract,Evening,Allowed,Own Vehicle,Good
1167,Hyderabad,Female,IT,Married,PhD,Low,Junior,1,36,64516,0,26,Yes,Full-Time,Night,Not Allowed,Company Cab,Average
1168,Kolkata,Other,Support,Divorced,Master,Very High,Lead,2,51,107796,0,59,Yes,Contract,Evening,Not Allowed,Public Transport,Average
1169,Kolkata,Other,HR,Married,PhD,Very Low,Mid,4,30,46069,14,31,No,Full-Time,Evening,Allowed,Own Vehicle,Good
1170,Kolkata,Male,Finance,Divorced,High School,Very Low,Mid,1,52,138333,12,32,Yes,Contract,Evening,Not Allowed,Public Transport,Good
1171,Kolkata,Male,HR,Married,PhD,Very Low,Senior,3,54,76233,16,36,No,Contract,Night,Not Allowed,Public Transport,Average
1172,Kolkata,Female,Marketing,Single,Master,Very Low,Lead,3,29,104811,23,36,Yes,Part-Time,Evening,Allowed,Own Vehicle,Poor
1173,Hyderabad,Female,Sales,Widow,PhD,Very Low,Lead,2,37,79049,25,55,No,Contract,Evening,Allowed,Public Transport,Good
1174,Hyderabad,Other,Sales,Married,High School,Very Low,Lead,4,31,121820,7,40,Yes,Part-Time,Morning,Allowed,Public Transport,Average
1175,Chennai,Other,Finance,Divorced,Bachelor,Low,Senior,4,52,138028,17,27,Yes,Contract,Evening,Allowed,Public Transport,Average
1176,Mumbai,Male,Sales,Widow,PhD,High,Senior,4,30,59178,26,24,No,Full-Time,Evening,Allowed,Public Transport,Poor
1177,Kolkata,Other,Sales,Widow,High School,Very High,Mid,2,42,52821,12,45,Yes,Full-Time,Morning,Allowed,Company Cab,Good
1178,Delhi,Female,Finance,Divorced,High School,Very Low,Junior,4,37,71727,22,35,Yes,Contract,Morning,Not Allowed,Public Transport,Average
1179,Hyderabad,Female,Support,Married,Master,Low,Lead,3,24,80935,13,55,Yes,Contract,Night,Not Allowed,Public Transport,Poor
1180,Delhi,Male,Support,Single,Master,Low,Lead,1,45,36999,7,47,Yes,Full-Time,Evening,Allowed,Own Vehicle,Average
1181,Delhi,Female,Finance,Single,PhD,Low,Junior,3,41,82522,7,48,Yes,Contract,Night,Allowed,Company Cab,Good
1182,Delhi,Female,Marketing,Married,Bachelor,High,Lead,3,57,58712,26,31,Yes,Part-Time,Night,Not Allowed,Own Vehicle,Poor
1183,Chennai,Female,Sales,Widow,High School,Very High,Senior,1,58,84551,25,56,Yes,Part-Time,Morning,Not Allowed,Own Vehicle,Average
1184,Hyderabad,Female,Sales,Widow,PhD,High,Senior,3,21,60172,14,49,No,Part-Time,Night,Not Allowed,Own Vehicle,Poor
1185,Delhi,Male,Marketing,Widow,High School,Medium,Lead,2,45,53722,26,42,No,Part-Time,Evening,Allowed,Company Cab,Good
1186,Kolkata,Male,Support,Widow,High School,Low,Senior,1,56,30625,12,35,Yes,Part-Time,Morning,Allowed,Own Vehicle,Poor
1187,Bangalore,Other,IT,Married,Bachelor,Medium,Senior,3,37,87165,6,33,Yes,Contract,Evening,Not Allowed,Own Vehicle,Good
1188,Delhi,Female,IT,Widow,Bachelor,Very Low,Lead,5,44,96509,4,29,Yes,Contract,Evening,Allowed,Own Vehicle,Average
1189,Chennai,Other,IT,Divorced,PhD,Very Low,Mid,3,22,26859,16,26,No,Part-Time,Morning,Allowed,Public Transport,Good
1190,Hyderabad,Male,Support,Widow,Bachelor,High,Junior,2,35,61609,27,56,No,Contract,Evening,Allowed,Own Vehicle,Average
1191,Chennai,Male,Support,Single,Bachelor,Very High,Senior,4,52,63307,24,48,Yes,Contract,Morning,Not Allowed,Company Cab,Average
1192,Delhi,Male,Marketing,Widow,PhD,Medium,Mid,3,59,130986,28,22,No,Part-Time,Evening,Not Allowed,Company Cab,Good
1193,Hyderabad,Male,Sales,Married,Bachelor,Very High,Senior,4,26,121582,15,34,Yes,Contract,Morning,Allowed,Public Transport,Average
1194,Bangalore,Male,Marketing,Single,Master,High,Senior,5,21,41839,22,55,Yes,Contract,Night,Allowed,Company Cab,Poor
1195,Delhi,Male,Marketing,Married,High School,Very Low,Junior,3,43,47216,1,38,Yes,Contract,Evening,Allowed,Company Cab,Average
1196,Chennai,Male,Support,Married,High School,Very High,Senior,1,59,72953,21,32,Yes,Part-Time,Morning,Allowed,Public Transport,Good
1197,Mumbai,Female,IT,Single,High School,Very High,Junior,4,37,104481,17,40,No,Contract,Evening,Allowed,Own Vehicle,Poor
1198,Kolkata,Other,HR,Married,High School,Very Low,Junior,5,54,80593,16,56,No,Full-Time,Evening,Not Allowed,Public Transport,Poor
1199,Chennai,Male,Sales,Married,PhD,Medium,Junior,1,49,92075,29,46,Yes,Full-Time,Evening,Allowed,Own Vehicle,Average
1200,Hyderabad,Female,Support,Widow,High School,Very Low,Mid,1,29,69522,6,48,No,Part-Time,Morning,Allowed,Own Vehicle,Average
1201,Delhi,Female,IT,Divorced,High School,Very High,Lead,1,33,119161,12,39,No,Full-Time,Night,Allowed,Company Cab,Good
1202,Kolkata,Other,HR,Married,High School,Medium,Mid,1,26,24886,17,44,Yes,Part-Time,Night,Not Allowed,Public Transport,Poor
1203,Delhi,Male,HR,Married,High School,Medium,Lead,3,26,131249,28,25,No,Full-Time,Night,Not Allowed,Company Cab,Good
1204,Hyderabad,Other,Support,Married,Master,Very Low,Lead,3,40,27485,13,55,Yes,Full-Time,Morning,Allowed,Company Cab,Average
1205,Delhi,Male,Finance,Widow,High School,Very High,Junior,3,23,51455,29,21,Yes,Full-Time,Night,Not Allowed,Own Vehicle,Poor
1206,Mumbai,Female,Sales,Divorced,Master,High,Senior,5,37,131984,17,41,Yes,Part-Time,Morning,Not Allowed,Company Cab,Good
1207,Kolkata,Female,HR,Single,PhD,Very High,Junior,5,32,36767,12,51,Yes,Part-Time,Evening,Not Allowed,Public Transport,Good
1208,Kolkata,Female,Support,Widow,Bachelor,Low,Senior,5,21,132701,10,35,No,Contract,Evening,Not Allowed,Company Cab,Good
1209,Hyderabad,Female,Support,Widow,High School,High,Lead,2,37,48453,20,37,Yes,Part-Time,Night,Not Allowed,Company Cab,Good
1210,Mumbai,Other,IT,Divorced,Bachelor,Medium,Junior,5,23,96280,29,24,No,Full-Time,Morning,Not Allowed,Own Vehicle,Good
1211,Chennai,Male,Finance,Divorced,Bachelor,High,Senior,3,46,122638,20,55,Yes,Full-Time,Evening,Allowed,Public Transport,Poor
1212,Delhi,Male,Sales,Widow,PhD,Medium,Mid,3,35,73442,15,49,Yes,Part-Time,Morning,Not Allowed,Company Cab,Good
1213,Bangalore,Other,Marketing,Single,Bachelor,Medium,Senior,2,56,71877,22,38,No,Part-Time,Morning,Not Allowed,Own Vehicle,Poor
1214,Delhi,Male,IT,Widow,Master,High,Junior,2,52,32226,16,42,Yes,Part-Time,Evening,Allowed,Company Cab,Good
1215,Delhi,Female,HR,Divorced,Bachelor,Medium,Mid,5,52,113405,7,53,No,Contract,Morning,Allowed,Public Transport,Average
1216,Chennai,Male,HR,Single,Bachelor,Medium,Senior,4,24,42588,18,32,No,Full-Time,Evening,Allowed,Company Cab,Average
1217,Delhi,Female,IT,Divorced,Bachelor,Low,Senior,2,38,98976,19,48,Yes,Contract,Evening,Allowed,Company Cab,Good
1218,Mumbai,Other,Support,Single,High School,Very High,Senior,1,39,51709,14,55,Yes,Contract,Evening,Not Allowed,Own Vehicle,Average
1219,Mumbai,Male,HR,Married,High School,Very High,Senior,3,55,67788,8,41,Yes,Full-Time,Morning,Not Allowed,Company Cab,Poor
1220,Kolkata,Other,Finance,Divorced,Master,Low,Senior,1,34,108031,19,55,Yes,Full-Time,Evening,Not Allowed,Own Vehicle,Good
1221,Hyderabad,Male,Sales,Divorced,Master,High,Mid,3,53,57019,9,28,Yes,Part-Time,Morning,Not Allowed,Public Transport,Poor
1222,Bangalore,Female,Finance,Widow,High School,Very Low,Lead,3,34,64948,11,58,Yes,Part-Time,Evening,Allowed,Company Cab,Good
1223,Delhi,Other,HR,Divorced,Master,Very Low,Mid,2,54,85133,20,38,No,Contract,Evening,Not Allowed,Public Transport,Average
1224,Delhi,Male,Marketing,Divorced,High School,Very Low,Mid,2,24,134444,22,57,No,Part-Time,Night,Not Allowed,Public Transport,Poor
1225,Chennai,Female,Sales,Married,PhD,Low,Mid,1,44,86458,19,25,Yes,Part-Time,Night,Allowed,Company Cab,Average
1226,Hyderabad,Other,Sales,Divorced,Bachelor,Low,Lead,3,49,137603,29,34,No,Full-Time,Night,Not Allowed,Own Vehicle,Average
1227,Mumbai,Other,IT,Married,Bachelor,Medium,Junior,1,39,47526,0,39,No,Full-Time,Morning,Not Allowed,Public Transport,Good
1228,Bangalore,Male,IT,Married,Master,Very Low,Lead,4,26,93493,24,28,Yes,Part-Time,Morning,Not Allowed,Public Transport,Poor
1229,Kolkata,Male,Marketing,Married,High School,High,Mid,1,53,148585,19,51,Yes,Full-Time,Evening,Not Allowed,Company Cab,Average
1230,Mumbai,Male,Support,Married,High School,High,Senior,5,39,72198,8,23,No,Part-Time,Evening,Allowed,Company Cab,Good
1231,Hyderabad,Female,Sales,Single,Master,Very Low,Senior,1,21,134100,21,37,Yes,Full-Time,Evening,Allowed,Company Cab,Good
1232,Kolkata,Male,Marketing,Widow,High School,Very Low,Mid,5,25,143854,14,24,No,Full-Time,Evening,Allowed,Company Cab,Good
1233,Chennai,Other,IT,Single,PhD,Very Low,Senior,5,47,119534,0,39,Yes,Full-Time,Morning,Allowed,Company Cab,Average
1234,Chennai,Other,IT,Divorced,Bachelor,Low,Mid,5,36,63395,11,42,No,Full-Time,Evening,Allowed,Company Cab,Good
1235,Delhi,Male,Sales,Single,Master,Low,Senior,4,26,44031,2,30,No,Part-Time,Evening,Not Allowed,Own Vehicle,Poor
1236,Hyderabad,Male,Finance,Single,Master,Low,Lead,1,33,95542,10,56,No,Contract,Night,Not Allowed,Public Transport,Poor
1237,Bangalore,Other,HR,Divorced,High School,Very High,Junior,1,55,145814,1,41,No,Full-Time,Evening,Allowed,Own Vehicle,Average
1238,Kolkata,Female,IT,Divorced,Master,High,Junior,4,39,57701,15,23,Yes,Part-Time,Evening,Allowed,Own Vehicle,Poor
1239,Mumbai,Male,Support,Divorced,PhD,High,Lead,3,32,132599,8,48,Yes,Part-Time,Evening,Allowed,Company Cab,Good
1240,Hyderabad,Male,Support,Single,High School,Medium,Lead,2,36,45939,14,53,No,Full-Time,Morning,Not Allowed,Public Transport,Average
1241,Hyderabad,Other,IT,Single,High School,Low,Mid,1,30,69145,11,32,No,Contract,Night,Allowed,Own Vehicle,Good
1242,Chennai,Male,Finance,Divorced,High School,Very High,Mid,2,45,40324,0,28,Yes,Full-Time,Evening,Not Allowed,Company Cab,Average
1243,Delhi,Female,Finance,Widow,High School,Very High,Mid,4,40,42867,12,50,Yes,Part-Time,Evening,Not Allowed,Company Cab,Average
1244,Delhi,Other,Marketing,Widow,PhD,High,Senior,3,51,20203,13,26,No,Contract,Night,Not Allowed,Public Transport,Good
1245,Kolkata,Male,Support,Married,High School,Low,Mid,3,24,36544,24,23,No,Part-Time,Evening,Not Allowed,Own Vehicle,Poor
1246,Chennai,Other,Marketing,Divorced,Master,Medium,Lead,3,43,35899,24,38,No,Full-Time,Morning,Allowed,Own Vehicle,Poor
1247,Hyderabad,Male,Support,Married,PhD,Low,Junior,4,22,49063,7,49,No,Contract,Evening,Not Allowed,Own Vehicle,Average
1248,Bangalore,Male,HR,Widow,Bachelor,Very Low,Senior,5,42,110880,7,50,No,Part-Time,Morning,Not Allowed,Company Cab,Good
1249,Chennai,Male,HR,Married,Bachelor,Low,Mid,5,57,23748,26,54,Yes,Part-Time,Morning,Allowed,Public Transport,Good
1250,Kolkata,Female,Sales,Divorced,Master,Very Low,Senior,2,28,125022,29,40,No,Part-Time,Evening,Not Allowed,Public Transport,Average
1251,Kolkata,Female,Marketing,Divorced,Master,Very Low,Senior,5,27,137269,11,50,Yes,Full-Time,Night,Not Allowed,Own Vehicle,Poor
1252,Chennai,Other,IT,Divorced,PhD,Medium,Mid,5,34,86629,0,38,Yes,Contract,Morning,Not Allowed,Company Cab,Good
1253,Kolkata,Male,Marketing,Single,Bachelor,High,Senior,3,23,100764,10,50,Yes,Full-Time,Night,Allowed,Own Vehicle,Poor
1254,Chennai,Male,IT,Married,Bachelor,Low,Junior,3,36,40884,7,51,No,Full-Time,Evening,Not Allowed,Public Transport,Poor
1255,Mumbai,Female,Finance,Widow,Bachelor,Very Low,Lead,2,39,45183,9,21,Yes,Full-Time,Morning,Not Allowed,Company Cab,Average
1256,Chennai,Male,Marketing,Widow,Bachelor,Low,Lead,1,38,101570,29,29,Yes,Contract,Evening,Allowed,Own Vehicle,Average
1257,Chennai,Female,Finance,Widow,Bachelor,High,Junior,2,36,91246,18,21,Yes,Full-Time,Night,Allowed,Own Vehicle,Poor
1258,Kolkata,Male,HR,Single,High School,High,Senior,2,28,128036,10,21,Yes,Full-Time,Evening,Not Allowed,Company Cab,Good
1259,Kolkata,Other,HR,Single,Master,Very High,Mid,4,53,39259,6,43,No,Full-Time,Evening,Not Allowed,Public Transport,Good
1260,Delhi,Male,Sales,Divorced,High School,High,Senior,4,32,55959,10,36,No,Full-Time,Morning,Allowed,Company Cab,Average
1261,Delhi,Male,Marketing,Widow,Bachelor,Medium,Junior,2,31,136525,16,51,Yes,Part-Time,Evening,Not Allowed,Own Vehicle,Poor
1262,Mumbai,Female,Finance,Single,PhD,Very Low,Senior,2,25,53457,0,35,Yes,Full-Time,Evening,Allowed,Own Vehicle,Good
1263,Delhi,Male,IT,Divorced,PhD,Very High,Lead,2,47,105679,25,35,No,Part-Time,Evening,Not Allowed,Own Vehicle,Good
1264,Chennai,Male,HR,Widow,Bachelor,Medium,Senior,5,32,145829,28,58,No,Full-Time,Morning,Allowed,Own Vehicle,Average
1265,Kolkata,Female,HR,Married,Bachelor,Low,Junior,4,37,148216,20,50,No,Contract,Night,Not Allowed,Public Transport,Poor
1266,Delhi,Other,IT,Divorced,PhD,Very Low,Lead,2,26,22103,20,43,Yes,Part-Time,Night,Allowed,Public Transport,Good
1267,Delhi,Other,Finance,Single,High School,High,Senior,3,53,85901,7,20,No,Part-Time,Evening,Allowed,Own Vehicle,Average
1268,Mumbai,Female,Finance,Single,High School,Very Low,Senior,3,25,132314,22,30,Yes,Part-Time,Morning,Allowed,Public Transport,Good
1269,Hyderabad,Female,Marketing,Divorced,Bachelor,Low,Lead,5,48,64535,23,40,Yes,Part-Time,Evening,Allowed,Public Transport,Good
1270,Mumbai,Female,Marketing,Divorced,High School,Very High,Mid,5,34,36103,5,23,No,Contract,Night,Allowed,Public Transport,Good
1271,Chennai,Female,Support,Single,PhD,Very High,Lead,1,25,118046,21,26,Yes,Full-Time,Morning,Not Allowed,Own Vehicle,Average
1272,Kolkata,Female,Support,Married,High School,Very High,Mid,1,53,110012,17,45,No,Part-Time,Night,Not Allowed,Company Cab,Poor
1273,Mumbai,Other,Sales,Widow,Bachelor,High,Junior,1,39,98278,5,31,Yes,Contract,Night,Allowed,Company Cab,Average
1274,Delhi,Other,HR,Married,PhD,Medium,Junior,5,42,32391,4,50,No,Part-Time,Morning,Not Allowed,Company Cab,Poor
1275,Kolkata,Female,Marketing,Divorced,High School,Medium,Lead,5,25,122476,12,36,Yes,Full-Time,Morning,Not Allowed,Own Vehicle,Good
1276,Kolkata,Male,Finance,Married,Master,Very Low,Lead,5,22,48901,18,52,Yes,Part-Time,Evening,Not Allowed,Public Transport,Poor
1277,Delhi,Female,IT,Single,PhD,High,Junior,3,50,140721,21,30,No,Contract,Evening,Not Allowed,Public Transport,Good
1278,Mumbai,Male,Finance,Divorced,PhD,Very High,Mid,5,59,117537,7,47,No,Full-Time,Night,Not Allowed,Own Vehicle,Good
1279,Delhi,Female,HR,Widow,Master,Very High,Junior,3,24,101159,8,51,No,Contract,Morning,Not Allowed,Own Vehicle,Average
1280,Hyderabad,Female,Support,Single,Master,Low,Lead,1,53,87914,16,20,No,Full-Time,Morning,Allowed,Company Cab,Good
1281,Kolkata,Other,Finance,Single,PhD,Low,Junior,1,33,70357,2,47,Yes,Full-Time,Evening,Not Allowed,Company Cab,Average
1282,Bangalore,Male,Sales,Widow,Master,Very High,Lead,1,40,106908,18,26,No,Full-Time,Night,Not Allowed,Own Vehicle,Poor
1283,Bangalore,Male,HR,Widow,Bachelor,Very High,Lead,2,27,130335,10,21,No,Part-Time,Night,Not Allowed,Company Cab,Poor
1284,Chennai,Other,Support,Married,Bachelor,High,Junior,2,35,58437,23,43,Yes,Contract,Evening,Allowed,Public Transport,Good
1285,Delhi,Other,IT,Divorced,Bachelor,Medium,Mid,4,43,55503,16,23,No,Contract,Morning,Not Allowed,Own Vehicle,Average
1286,Delhi,Other,Support,Widow,PhD,Low,Senior,4,34,116282,20,38,No,Contract,Evening,Not Allowed,Own Vehicle,Good
1287,Chennai,Other,Sales,Widow,Master,Medium,Junior,4,43,113459,18,45,Yes,Full-Time,Evening,Not Allowed,Public Transport,Average
1288,Chennai,Male,HR,Divorced,Master,High,Senior,2,39,95403,1,30,No,Part-Time,Evening,Allowed,Public Transport,Average
1289,Chennai,Male,IT,Widow,High School,Very High,Junior,2,49,61258,7,59,No,Full-Time,Evening,Not Allowed,Public Transport,Average
1290,Kolkata,Female,Sales,Widow,High School,Medium,Senior,4,40,53724,18,30,No,Contract,Morning,Allowed,Company Cab,Poor
1291,Hyderabad,Female,Support,Married,Master,Very High,Mid,4,49,84286,6,22,No,Part-Time,Evening,Not Allowed,Own Vehicle,Average
1292,Delhi,Other,Sales,Single,Master,Very High,Mid,5,44,94842,27,31,No,Part-Time,Morning,Allowed,Company Cab,Poor
1293,Kolkata,Other,HR,Single,Master,Very Low,Junior,4,38,124927,26,22,No,Part-Time,Evening,Allowed,Public Transport,Average
1294,Chennai,Other,Marketing,Single,PhD,Medium,Lead,5,30,34908,16,46,Yes,Contract,Night,Allowed,Company Cab,Poor
1295,Delhi,Female,Sales,Single,Master,Medium,Senior,3,28,112617,5,21,No,Part-Time,Morning,Not Allowed,Public Transport,Poor
1296,Kolkata,Female,Sales,Widow,High School,Very High,Lead,2,46,70626,18,35,Yes,Part-Time,Night,Allowed,Company Cab,Poor
1297,Hyderabad,Female,Support,Divorced,PhD,High,Lead,4,49,57228,23,21,Yes,Full-Time,Evening,Allowed,Company Cab,Good
1298,Kolkata,Female,Support,Divorced,Master,Very Low,Lead,2,30,43386,5,49,Yes,Full-Time,Evening,Allowed,Public Transport,Average
1299,Hyderabad,Female,IT,Married,High School,Very High,Mid,2,37,66754,27,39,Yes,Part-Time,Evening,Allowed,Company Cab,Good
1300,Chennai,Female,Support,Married,PhD,Low,Junior,2,22,130942,1,57,No,Part-Time,Morning,Not Allowed,Own Vehicle,Average
1301,Hyderabad,Female,Finance,Widow,Master,Low,Junior,3,26,48302,5,47,No,Full-Time,Night,Not Allowed,Company Cab,Average
1302,Delhi,Other,HR,Divorced,Master,Very Low,Mid,1,25,80815,22,44,No,Full-Time,Morning,Not Allowed,Company Cab,Good
1303,Chennai,Other,HR,Divorced,Master,High,Mid,4,48,141084,4,51,Yes,Full-Time,Morning,Not Allowed,Own Vehicle,Poor
1304,Delhi,Other,Marketing,Single,PhD,Very High,Junior,1,25,104748,18,29,No,Contract,Evening,Allowed,Public Transport,Average
1305,Bangalore,Other,Marketing,Widow,High School,Medium,Lead,1,38,83344,19,59,No,Contract,Night,Not Allowed,Own Vehicle,Poor
1306,Mumbai,Female,HR,Widow,High School,Very Low,Senior,1,46,55618,3,52,No,Full-Time,Evening,Allowed,Company Cab,Good
1307,Hyderabad,Male,Marketing,Single,Bachelor,High,Senior,2,40,131603,21,32,Yes,Part-Time,Morning,Not Allowed,Public Transport,Poor
1308,Mumbai,Female,IT,Widow,Master,Medium,Senior,5,47,96234,25,56,Yes,Full-Time,Evening,Not Allowed,Company Cab,Average
1309,Mumbai,Male,Support,Widow,Bachelor,Low,Lead,2,32,81114,16,35,No,Contract,Night,Not Allowed,Company Cab,Average
1310,Hyderabad,Other,HR,Married,Bachelor,Low,Junior,2,27,137652,10,41,Yes,Part-Time,Evening,Allowed,Own Vehicle,Average
1311,Chennai,Female,Marketing,Divorced,High School,Medium,Mid,1,23,90130,3,39,Yes,Contract,Night,Not Allowed,Own Vehicle,Good
1312,Bangalore,Other,HR,Widow,PhD,Very Low,Junior,2,30,45525,25,46,No,Part-Time,Night,Not Allowed,Public Transport,Average
1313,Delhi,Female,Finance,Married,PhD,Low,Lead,1,54,99818,12,35,Yes,Contract,Evening,Not Allowed,Public Transport,Good
1314,Kolkata,Other,Sales,Divorced,High School,Very High,Mid,5,45,134589,19,53,Yes,Part-Time,Morning,Allowed,Public Transport,Poor
1315,Delhi,Male,Support,Single,PhD,Medium,Lead,4,55,34334,25,51,No,Part-Time,Evening,Not Allowed,Company Cab,Average
1316,Kolkata,Male,HR,Married,Bachelor,Medium,Senior,1,36,114715,16,45,Yes,Part-Time,Morning,Not Allowed,Own Vehicle,Average
1317,Delhi,Male,Sales,Married,Master,Low,Senior,5,22,82767,8,44,Yes,Part-Time,Morning,Allowed,Own Vehicle,Average
1318,Hyderabad,Female,Marketing,Divorced,High School,Very Low,Lead,4,44,26644,3,21,Yes,Contract,Evening,Allowed,Own Vehicle,Poor
1319,Bangalore,Male,Sales,Single,Master,Very High,Mid,3,30,121154,22,31,Yes,Contract,Morning,Not Allowed,Public Transport,Average
1320,Kolkata,Female,Support,Married,PhD,Very Low,Mid,1,58,133237,27,59,Yes,Part-Time,Morning,Not Allowed,Own Vehicle,Good
1321,Chennai,Male,HR,Widow,Master,High,Junior,1,42,52933,13,28,Yes,Part-Time,Evening,Not Allowed,Own Vehicle,Poor
1322,Delhi,Male,Finance,Widow,PhD,High,Senior,3,46,146366,18,31,Yes,Contract,Evening,Allowed,Own Vehicle,Poor
1323,Delhi,Female,Marketing,Widow,PhD,Low,Junior,3,59,63469,25,45,Yes,Part-Time,Evening,Allowed,Public Transport,Poor
1324,Kolkata,Female,HR,Single,Bachelor,Low,Junior,1,47,53687,27,28,No,Part-Time,Morning,Allowed,Own Vehicle,Poor
1325,Chennai,Male,Support,Married,PhD,Low,Lead,3,49,126609,2,29,No,Part-Time,Night,Not Allowed,Public Transport,Poor
1326,Chennai,Female,Marketing,Widow,Bachelor,High,Lead,2,58,72656,13,51,No,Full-Time,Morning,Allowed,Own Vehicle,Good
1327,Hyderabad,Male,IT,Single,Bachelor,Very Low,Junior,4,40,37375,7,53,No,Part-Time,Night,Not Allowed,Own Vehicle,Poor
1328,Hyderabad,Female,Sales,Widow,Bachelor,Very Low,Senior,4,47,134019,23,39,Yes,Full-Time,Evening,Allowed,Own Vehicle,Average
1329,Hyderabad,Other,Support,Divorced,High School,Low,Lead,4,40,140735,26,58,No,Part-Time,Night,Allowed,Public Transport,Poor
1330,Hyderabad,Other,IT,Married,High School,Very High,Junior,2,39,85206,27,21,No,Contract,Evening,Allowed,Public Transport,Poor
1331,Hyderabad,Other,HR,Married,PhD,Very Low,Junior,3,40,116462,0,20,Yes,Full-Time,Evening,Not Allowed,Own Vehicle,Poor
1332,Hyderabad,Other,Finance,Single,Bachelor,High,Junior,5,55,56607,9,55,Yes,Full-Time,Night,Not Allowed,Company Cab,Poor
1333,Bangalore,Other,Marketing,Single,High School,Medium,Junior,3,22,103178,17,43,Yes,Part-Time,Evening,Not Allowed,Public Transport,Poor
1334,Chennai,Male,Sales,Married,Bachelor,Medium,Junior,1,50,43993,15,46,Yes,Part-Time,Night,Not Allowed,Public Transport,Good
1335,Hyderabad,Other,Marketing,Widow,Master,Medium,Junior,4,54,64386,7,21,Yes,Full-Time,Evening,Allowed,Own Vehicle,Good
1336,Chennai,Other,HR,Widow,Master,Very High,Lead,3,42,143394,0,50,No,Contract,Morning,Not Allowed,Company Cab,Poor
1337,Chennai,Other,Marketing,Divorced,Master,Low,Senior,5,23,66287,11,33,Yes,Contract,Morning,Allowed,Own Vehicle,Good
1338,Mumbai,Other,Sales,Widow,PhD,High,Junior,1,26,106724,7,21,No,Part-Time,Evening,Not Allowed,Public Transport,Average
1339,Bangalore,Female,HR,Single,Bachelor,Very High,Mid,2,35,118132,23,48,No,Contract,Evening,Not Allowed,Public Transport,Poor
1340,Hyderabad,Male,Marketing,Single,Master,High,Lead,2,47,113308,15,34,Yes,Contract,Night,Allowed,Own Vehicle,Average
1341,Delhi,Other,Finance,Widow,High School,High,Lead,5,30,116393,17,31,No,Part-Time,Morning,Allowed,Own Vehicle,Average
1342,Kolkata,Other,Support,Single,Master,Low,Junior,1,29,147314,3,56,No,Contract,Night,Not Allowed,Company Cab,Poor
1343,Delhi,Other,HR,Married,Master,Medium,Lead,4,53,96312,5,47,Yes,Part-Time,Evening,Not Allowed,Company Cab,Average
1344,Bangalore,Male,Support,Married,Master,Low,Junior,3,52,118371,11,39,No,Full-Time,Evening,Allowed,Public Transport,Average
1345,Kolkata,Female,HR,Widow,PhD,Very High,Senior,1,26,95324,26,58,No,Part-Time,Night,Allowed,Company Cab,Average
1346,Bangalore,Male,Finance,Married,High School,Very High,Senior,2,56,91196,8,43,No,Full-Time,Evening,Allowed,Company Cab,Poor
1347,Chennai,Female,Support,Married,Bachelor,Very High,Lead,5,22,90014,14,40,Yes,Full-Time,Morning,Allowed,Public Transport,Poor
1348,Kolkata,Other,IT,Divorced,High School,Low,Lead,5,49,28210,15,29,Yes,Contract,Night,Allowed,Public Transport,Average
1349,Chennai,Other,Sales,Divorced,Bachelor,High,Mid,3,24,30922,23,33,Yes,Contract,Morning,Not Allowed,Public Transport,Poor
1350,Delhi,Male,IT,Married,PhD,High,Lead,5,21,56289,11,56,No,Contract,Morning,Not Allowed,Public Transport,Poor
1351,Delhi,Male,Marketing,Widow,PhD,Very Low,Mid,5,39,149097,23,37,Yes,Part-Time,Morning,Not Allowed,Own Vehicle,Average
1352,Kolkata,Female,Finance,Divorced,PhD,Very High,Senior,1,46,53340,22,43,No,Contract,Night,Not Allowed,Public Transport,Poor
1353,Kolkata,Female,IT,Single,PhD,High,Senior,4,45,59850,13,33,Yes,Full-Time,Evening,Allowed,Public Transport,Good
1354,Hyderabad,Male,HR,Single,Bachelor,Very Low,Junior,3,30,76984,12,53,No,Contract,Morning,Allowed,Public Transport,Poor
1355,Bangalore,Female,Marketing,Single,Master,High,Senior,1,35,123699,24,31,Yes,Contract,Morning,Allowed,Company Cab,Good
1356,Hyderabad,Male,Marketing,Widow,Bachelor,Very High,Mid,4,42,133711,1,41,Yes,Part-Time,Morning,Not Allowed,Public Transport,Average
1357,Bangalore,Female,IT,Married,High School,Medium,Lead,1,41,104178,2,25,No,Part-Time,Evening,Allowed,Own Vehicle,Poor
1358,Hyderabad,Male,IT,Single,PhD,Very High,Junior,1,42,31094,25,55,Yes,Full-Time,Evening,Allowed,Own Vehicle,Average
1359,Chennai,Male,Finance,Widow,PhD,Low,Mid,5,56,107959,23,55,No,Part-Time,Night,Not Allowed,Public Transport,Average
1360,Kolkata,Male,Sales,Divorced,High School,High,Lead,4,54,53418,29,41,Yes,Contract,Evening,Not Allowed,Own Vehicle,Average
1361,Delhi,Female,IT,Married,Bachelor,High,Junior,3,50,25741,21,33,Yes,Part-Time,Night,Not Allowed,Company Cab,Average
1362,Bangalore,Female,IT,Divorced,Master,Low,Senior,3,45,131585,9,35,No,Full-Time,Night,Allowed,Public Transport,Average
1363,Bangalore,Female,Support,Widow,Master,Low,Mid,4,48,92374,8,55,No,Contract,Night,Allowed,Own Vehicle,Poor
1364,Delhi,Male,HR,Single,High School,Medium,Lead,5,21,137275,25,44,No,Full-Time,Night,Not Allowed,Own Vehicle,Good
1365,Hyderabad,Female,Support,Single,Master,High,Junior,2,24,142564,19,51,Yes,Part-Time,Night,Not Allowed,Public Transport,Poor
1366,Bangalore,Female,Support,Widow,Bachelor,High,Junior,1,27,88798,7,52,No,Part-Time,Morning,Allowed,Own Vehicle,Poor
1367,Chennai,Male,Marketing,Single,Bachelor,Medium,Senior,5,29,136026,9,55,Yes,Full-Time,Evening,Not Allowed,Public Transport,Poor
1368,Kolkata,Other,Sales,Married,High School,Very Low,Lead,4,56,90532,18,39,No,Contract,Morning,Allowed,Own Vehicle,Poor
1369,Delhi,Male,HR,Widow,Bachelor,Medium,Senior,1,39,130130,2,37,No,Part-Time,Night,Not Allowed,Company Cab,Good
1370,Kolkata,Female,Finance,Divorced,PhD,Very High,Senior,3,21,42164,23,57,No,Part-Time,Evening,Not Allowed,Own Vehicle,Poor
1371,Bangalore,Male,Finance,Widow,High School,High,Lead,2,30,55595,4,22,No,Contract,Morning,Not Allowed,Own Vehicle,Average
1372,Bangalore,Other,IT,Married,Bachelor,Low,Lead,3,56,50257,2,42,No,Part-Time,Morning,Allowed,Public Transport,Poor
1373,Delhi,Male,IT,Married,High School,Very High,Lead,4,29,34211,25,51,No,Full-Time,Night,Allowed,Own Vehicle,Poor
1374,Chennai,Female,Finance,Widow,Master,High,Mid,1,52,115989,26,35,Yes,Part-Time,Morning,Not Allowed,Public Transport,Good
1375,Mumbai,Other,IT,Widow,Bachelor,Medium,Lead,4,52,25232,15,24,No,Part-Time,Morning,Allowed,Company Cab,Good
1376,Delhi,Female,Sales,Single,PhD,Very High,Junior,1,26,87753,16,23,Yes,Contract,Morning,Not Allowed,Public Transport,Average
1377,Mumbai,Other,Support,Married,Bachelor,High,Senior,5,58,72691,14,40,No,Full-Time,Morning,Not Allowed,Public Transport,Poor
1378,Hyderabad,Other,IT,Widow,High School,Very Low,Mid,2,37,109765,2,59,No,Contract,Morning,Allowed,Own Vehicle,Poor
1379,Mumbai,Male,Marketing,Widow,High School,Very Low,Lead,5,30,99768,11,33,No,Part-Time,Night,Allowed,Company Cab,Poor
1380,Chennai,Male,IT,Married,Bachelor,Low,Mid,5,47,45613,8,58,Yes,Part-Time,Night,Allowed,Public Transport,Average
1381,Hyderabad,Female,HR,Widow,PhD,High,Lead,4,55,34026,20,50,Yes,Contract,Morning,Allowed,Own Vehicle,Good
1382,Mumbai,Male,Sales,Single,PhD,Very Low,Mid,2,41,73535,11,33,No,Contract,Night,Not Allowed,Own Vehicle,Average
1383,Hyderabad,Male,HR,Married,PhD,Medium,Senior,1,45,114090,25,25,Yes,Contract,Night,Allowed,Public Transport,Poor
1384,Mumbai,Other,HR,Single,High School,High,Senior,1,48,50908,14,31,No,Full-Time,Evening,Allowed,Own Vehicle,Good
1385,Chennai,Male,Marketing,Single,Bachelor,Medium,Junior,3,35,72113,1,35,No,Part-Time,Morning,Not Allowed,Public Transport,Good
1386,Mumbai,Other,Sales,Single,Master,Medium,Junior,1,24,39610,22,36,Yes,Contract,Night,Not Allowed,Public Transport,Average
1387,Mumbai,Other,Sales,Single,High School,Very Low,Lead,4,49,66646,17,42,Yes,Part-Time,Night,Not Allowed,Public Transport,Good
1388,Mumbai,Other,Sales,Married,PhD,High,Senior,5,29,125141,19,33,Yes,Full-Time,Morning,Not Allowed,Company Cab,Good
1389,Delhi,Female,Sales,Single,Bachelor,Very High,Mid,5,47,83185,11,26,Yes,Full-Time,Evening,Allowed,Public Transport,Poor
1390,Delhi,Female,Sales,Single,PhD,Very Low,Mid,5,46,92567,22,51,No,Full-Time,Morning,Allowed,Own Vehicle,Poor
1391,Delhi,Female,Marketing,Widow,Master,Very Low,Mid,2,39,67574,3,34,Yes,Full-Time,Evening,Not Allowed,Company Cab,Good
1392,Chennai,Other,IT,Married,PhD,High,Junior,1,48,143978,22,36,Yes,Part-Time,Morning,Not Allowed,Own Vehicle,Good
1393,Hyderabad,Female,HR,Married,PhD,High,Mid,4,37,145204,15,53,No,Full-Time,Morning,Allowed,Company Cab,Average
1394,Bangalore,Female,Sales,Divorced,Master,Medium,Junior,2,40,111051,22,24,Yes,Full-Time,Morning,Allowed,Company Cab,Average
1395,Mumbai,Male,IT,Married,Bachelor,High,Junior,3,59,122020,15,46,Yes,Contract,Morning,Allowed,Company Cab,Good
1396,Mumbai,Female,IT,Married,High School,Medium,Lead,4,43,56182,0,42,Yes,Full-Time,Evening,Allowed,Company Cab,Poor
1397,Chennai,Female,HR,Divorced,Bachelor,Very Low,Mid,4,52,136136,21,59,Yes,Contract,Evening,Allowed,Own Vehicle,Good
1398,Mumbai,Other,Marketing,Married,Master,Low,Mid,4,53,20570,24,33,No,Full-Time,Night,Not Allowed,Public Transport,Good
1399,Delhi,Other,Finance,Married,PhD,Very High,Senior,5,25,117790,1,34,No,Full-Time,Morning,Not Allowed,Own Vehicle,Poor
1400,Bangalore,Other,Finance,Married,Bachelor,Very Low,Lead,4,54,39288,29,52,Yes,Contract,Evening,Not Allowed,Public Transport,Poor
1401,Kolkata,Other,IT,Married,High School,High,Senior,1,31,98824,2,50,Yes,Full-Time,Evening,Not Allowed,Own Vehicle,Average
1402,Mumbai,Other,Support,Divorced,Master,Very High,Lead,4,23,49877,25,54,No,Part-Time,Evening,Allowed,Company Cab,Average
1403,Delhi,Other,Support,Married,Bachelor,Low,Mid,5,53,104425,20,36,Yes,Part-Time,Morning,Not Allowed,Company Cab,Average
1404,Kolkata,Female,HR,Married,High School,Low,Junior,4,31,20917,24,47,Yes,Full-Time,Night,Allowed,Public Transport,Average
1405,Bangalore,Other,Finance,Divorced,Master,Medium,Junior,3,36,95602,19,38,Yes,Part-Time,Evening,Allowed,Public Transport,Poor
1406,Kolkata,Other,IT,Widow,High School,Very High,Junior,3,38,115040,16,42,Yes,Contract,Morning,Allowed,Own Vehicle,Good
1407,Delhi,Male,Marketing,Single,Master,Medium,Junior,5,50,84575,19,51,Yes,Full-Time,Evening,Allowed,Public Transport,Average
1408,Hyderabad,Female,Finance,Widow,PhD,Very Low,Junior,1,30,92518,21,59,Yes,Full-Time,Evening,Allowed,Own Vehicle,Average
1409,Hyderabad,Female,IT,Divorced,Bachelor,Very High,Senior,1,38,142115,20,32,Yes,Contract,Night,Allowed,Public Transport,Poor
1410,Kolkata,Female,IT,Single,High School,Very Low,Lead,2,58,59104,29,39,Yes,Contract,Evening,Allowed,Public Transport,Poor
1411,Chennai,Other,Sales,Divorced,Master,Medium,Mid,5,39,38062,28,54,Yes,Contract,Evening,Not Allowed,Public Transport,Good
1412,Kolkata,Other,Marketing,Divorced,High School,Very High,Senior,4,56,36999,0,24,No,Full-Time,Morning,Allowed,Company Cab,Good
1413,Mumbai,Other,Sales,Married,High School,Medium,Lead,5,33,81845,19,28,No,Contract,Morning,Not Allowed,Company Cab,Poor
1414,Mumbai,Male,HR,Single,Bachelor,Very High,Junior,2,23,29941,5,48,No,Contract,Night,Not Allowed,Own Vehicle,Average
1415,Hyderabad,Other,Sales,Married,PhD,Medium,Lead,5,30,81169,28,25,Yes,Part-Time,Morning,Allowed,Public Transport,Average
1416,Chennai,Male,Sales,Single,High School,Low,Lead,5,58,43470,14,44,Yes,Part-Time,Morning,Allowed,Own Vehicle,Average
1417,Delhi,Female,Finance,Divorced,Master,Medium,Junior,2,21,149744,25,50,No,Full-Time,Night,Not Allowed,Public Transport,Good
1418,Mumbai,Other,Support,Divorced,Master,Low,Junior,1,47,130684,25,41,Yes,Part-Time,Evening,Not Allowed,Company Cab,Average
1419,Hyderabad,Male,IT,Widow,PhD,Medium,Junior,4,28,79821,13,21,No,Part-Time,Night,Not Allowed,Company Cab,Average
1420,Bangalore,Male,Marketing,Single,Master,Very High,Mid,2,37,106669,19,24,Yes,Contract,Morning,Not Allowed,Public Transport,Poor
1421,Hyderabad,Other,Sales,Married,PhD,Very High,Junior,3,29,138193,14,46,No,Contract,Night,Allowed,Public Transport,Average
1422,Mumbai,Female,Marketing,Widow,Master,Very High,Mid,1,26,64435,13,44,No,Part-Time,Evening,Allowed,Company Cab,Poor
1423,Mumbai,Female,Support,Widow,Bachelor,High,Junior,3,45,24529,24,27,No,Part-Time,Night,Allowed,Company Cab,Average
1424,Hyderabad,Female,Support,Widow,High School,Very Low,Mid,1,59,103055,20,20,Yes,Part-Time,Morning,Not Allowed,Own Vehicle,Good
1425,Delhi,Male,Sales,Married,Bachelor,Very High,Lead,4,48,32192,23,39,No,Full-Time,Morning,Allowed,Company Cab,Average
1426,Kolkata,Male,HR,Widow,High School,Low,Senior,4,53,94102,24,42,Yes,Full-Time,Night,Not Allowed,Public Transport,Average
1427,Mumbai,Male,Sales,Married,High School,Very High,Lead,5,57,92762,25,51,Yes,Full-Time,Evening,Allowed,Own Vehicle,Poor
1428,Hyderabad,Male,Finance,Widow,High School,High,Lead,3,29,123466,4,30,Yes,Part-Time,Night,Not Allowed,Public Transport,Poor
1429,Hyderabad,Female,IT,Married,Bachelor,Low,Junior,1,38,134894,5,58,Yes,Part-Time,Evening,Allowed,Own Vehicle,Poor
1430,Chennai,Other,HR,Divorced,High School,High,Mid,4,41,106795,16,43,Yes,Full-Time,Evening,Allowed,Public Transport,Average
1431,Kolkata,Male,Sales,Divorced,Bachelor,Low,Senior,2,22,54087,10,30,Yes,Full-Time,Night,Not Allowed,Company Cab,Average
1432,Bangalore,Male,Marketing,Divorced,PhD,Medium,Junior,4,58,86677,15,48,Yes,Part-Time,Evening,Not Allowed,Public Transport,Good
1433,Delhi,Female,HR,Divorced,Master,Very Low,Junior,2,56,24627,11,45,No,Contract,Morning,Not Allowed,Own Vehicle,Average
1434,Bangalore,Other,HR,Divorced,Master,Very Low,Junior,1,57,76541,14,35,No,Full-Time,Night,Not Allowed,Public Transport,Good
1435,Kolkata,Other,Sales,Widow,High School,High,Lead,4,35,132805,22,54,No,Part-Time,Evening,Not Allowed,Own Vehicle,Poor
1436,Kolkata,Female,HR,Widow,Bachelor,Very Low,Mid,4,48,88226,3,39,Yes,Part-Time,Morning,Allowed,Public Transport,Poor
1437,Kolkata,Female,Marketing,Widow,Master,High,Mid,1,38,125627,26,22,Yes,Contract,Night,Not Allowed,Company Cab,Poor
1438,Bangalore,Other,Support,Married,Bachelor,High,Senior,4,54,23255,17,20,Yes,Part-Time,Morning,Allowed,Company Cab,Good
1439,Kolkata,Male,HR,Married,Bachelor,High,Mid,2,42,77433,20,20,Yes,Part-Time,Morning,Allowed,Public Transport,Average
1440,Hyderabad,Other,Support,Married,High School,Very Low,Mid,4,31,25213,27,36,No,Full-Time,Morning,Allowed,Public Transport,Poor
1441,Bangalore,Female,Marketing,Married,Master,High,Junior,3,33,122412,2,21,Yes,Full-Time,Evening,Allowed,Public Transport,Average
1442,Kolkata,Male,Sales,Divorced,High School,Very Low,Junior,5,24,39404,21,48,No,Contract,Night,Allowed,Own Vehicle,Average
1443,Hyderabad,Male,IT,Divorced,High School,High,Lead,2,42,136545,7,39,Yes,Contract,Night,Not Allowed,Public Transport,Poor
1444,Chennai,Female,HR,Divorced,Master,Very High,Junior,3,27,45380,22,25,No,Part-Time,Evening,Not Allowed,Public Transport,Good
1445,Kolkata,Female,IT,Single,Master,High,Junior,1,44,111056,2,27,Yes,Full-Time,Night,Allowed,Own Vehicle,Average
1446,Bangalore,Female,Marketing,Widow,PhD,Low,Junior,2,24,39173,7,48,No,Contract,Morning,Allowed,Company Cab,Poor
1447,Mumbai,Other,HR,Married,PhD,High,Junior,5,48,148833,17,52,Yes,Contract,Night,Not Allowed,Public Transport,Average
1448,Kolkata,Other,Support,Married,Bachelor,Medium,Lead,5,35,73027,9,22,No,Contract,Evening,Not Allowed,Public Transport,Average
1449,Mumbai,Male,Finance,Divorced,Master,High,Junior,1,21,43989,24,54,Yes,Part-Time,Morning,Allowed,Company Cab,Average
1450,Hyderabad,Female,IT,Married,PhD,Low,Senior,1,23,128106,19,24,No,Full-Time,Evening,Not Allowed,Company Cab,Average
1451,Chennai,Male,HR,Married,Bachelor,Low,Senior,2,34,44519,16,46,No,Contract,Morning,Not Allowed,Own Vehicle,Average
1452,Delhi,Male,IT,Widow,Bachelor,Very Low,Senior,4,58,145803,7,31,Yes,Full-Time,Morning,Not Allowed,Public Transport,Good
1453,Chennai,Male,HR,Divorced,Bachelor,Very High,Senior,1,21,42439,22,39,No,Contract,Night,Allowed,Public Transport,Good
1454,Kolkata,Male,Sales,Widow,PhD,High,Junior,4,58,138570,10,39,Yes,Contract,Morning,Not Allowed,Own Vehicle,Poor
1455,Mumbai,Female,Support,Single,Master,Very Low,Senior,3,58,96949,28,28,Yes,Full-Time,Evening,Allowed,Company Cab,Good
1456,Mumbai,Male,IT,Single,High School,Very High,Junior,5,41,34995,4,58,Yes,Full-Time,Night,Allowed,Own Vehicle,Good
1457,Bangalore,Female,Finance,Single,Bachelor,High,Lead,4,49,43559,25,23,No,Full-Time,Evening,Allowed,Company Cab,Good
1458,Mumbai,Female,Finance,Divorced,PhD,Medium,Senior,5,25,148028,12,38,No,Part-Time,Morning,Allowed,Own Vehicle,Average
1459,Bangalore,Other,Marketing,Married,PhD,High,Mid,4,30,130887,20,57,Yes,Contract,Evening,Allowed,Company Cab,Average
1460,Hyderabad,Female,HR,Divorced,High School,Low,Senior,3,48,109049,22,46,Yes,Part-Time,Evening,Not Allowed,Own Vehicle,Poor
1461,Delhi,Other,IT,Divorced,High School,Low,Senior,1,41,25021,4,32,No,Full-Time,Morning,Allowed,Company Cab,Poor
1462,Kolkata,Female,Marketing,Married,PhD,Medium,Junior,3,27,118000,23,32,No,Contract,Night,Allowed,Company Cab,Poor
1463,Bangalore,Female,IT,Widow,Master,Very Low,Senior,1,23,41119,26,41,No,Part-Time,Evening,Allowed,Company Cab,Average
1464,Delhi,Female,HR,Single,High School,Very High,Mid,1,40,71539,12,47,Yes,Contract,Morning,Not Allowed,Company Cab,Good
1465,Mumbai,Other,Finance,Widow,PhD,High,Junior,5,39,114835,5,41,Yes,Part-Time,Night,Not Allowed,Company Cab,Good
1466,Mumbai,Other,Sales,Single,High School,Low,Junior,3,55,59350,28,38,Yes,Full-Time,Night,Not Allowed,Public Transport,Average
1467,Delhi,Male,Finance,Divorced,Master,Very Low,Lead,4,24,66223,4,27,Yes,Part-Time,Night,Not Allowed,Company Cab,Poor
1468,Mumbai,Other,Marketing,Single,Bachelor,Medium,Lead,3,25,45517,8,27,Yes,Contract,Evening,Not Allowed,Public Transport,Poor
1469,Hyderabad,Other,Support,Divorced,High School,Low,Senior,5,21,98653,26,45,No,Contract,Evening,Not Allowed,Company Cab,Poor
1470,Hyderabad,Other,Sales,Widow,Master,Medium,Lead,1,24,42250,15,45,Yes,Contract,Evening,Not Allowed,Public Transport,Average
1471,Delhi,Other,Marketing,Divorced,PhD,High,Lead,5,32,104486,1,42,No,Contract,Night,Allowed,Public Transport,Poor
1472,Bangalore,Male,HR,Widow,High School,Very High,Lead,2,47,102895,0,32,No,Full-Time,Evening,Allowed,Own Vehicle,Poor
1473,Bangalore,Other,Sales,Married,High School,Low,Junior,2,43,109132,7,47,Yes,Part-Time,Morning,Not Allowed,Company Cab,Average
1474,Delhi,Female,Marketing,Married,PhD,Low,Junior,4,45,111066,27,28,No,Full-Time,Evening,Allowed,Own Vehicle,Good
1475,Bangalore,Female,HR,Married,Bachelor,High,Junior,5,41,86798,18,39,Yes,Full-Time,Evening,Allowed,Own Vehicle,Average
1476,Bangalore,Other,Finance,Divorced,PhD,Very Low,Lead,4,44,74199,29,38,No,Full-Time,Night,Not Allowed,Company Cab,Average
1477,Hyderabad,Other,Support,Married,High School,Very High,Junior,4,45,143823,10,58,Yes,Contract,Evening,Allowed,Own Vehicle,Average
1478,Bangalore,Female,HR,Single,PhD,Low,Lead,2,52,79546,27,31,Yes,Contract,Morning,Allowed,Company Cab,Average
1479,Chennai,Female,IT,Widow,Master,Very High,Junior,4,52,148180,11,34,No,Contract,Night,Not Allowed,Own Vehicle,Good
1480,Kolkata,Male,HR,Widow,PhD,Low,Junior,2,25,125686,11,50,Yes,Part-Time,Morning,Allowed,Company Cab,Poor
1481,Mumbai,Female,HR,Single,High School,Very High,Mid,1,56,108151,6,33,No,Contract,Night,Not Allowed,Company Cab,Average
1482,Chennai,Female,Support,Divorced,PhD,Medium,Senior,5,59,23327,25,30,Yes,Part-Time,Night,Not Allowed,Company Cab,Good
1483,Bangalore,Other,IT,Divorced,Bachelor,Low,Lead,4,36,140318,12,45,Yes,Contract,Evening,Allowed,Public Transport,Poor
1484,Hyderabad,Female,Marketing,Widow,PhD,Very High,Mid,2,53,49768,26,46,Yes,Contract,Morning,Allowed,Own Vehicle,Poor
1485,Delhi,Male,Marketing,Married,Bachelor,Very Low,Junior,3,41,84418,7,30,No,Full-Time,Night,Allowed,Public Transport,Poor
1486,Bangalore,Female,HR,Divorced,Master,Medium,Lead,4,29,114386,28,57,No,Full-Time,Evening,Not Allowed,Own Vehicle,Average
1487,Hyderabad,Other,IT,Divorced,Bachelor,Medium,Junior,1,26,136947,28,53,Yes,Full-Time,Night,Not Allowed,Own Vehicle,Average
1488,Kolkata,Other,IT,Single,PhD,Very Low,Senior,1,55,62788,21,38,No,Part-Time,Night,Not Allowed,Own Vehicle,Poor
1489,Bangalore,Female,Support,Single,High School,Very High,Mid,3,59,135945,27,25,Yes,Part-Time,Night,Allowed,Public Transport,Poor
1490,Delhi,Other,Finance,Married,Bachelor,High,Senior,2,42,102384,25,57,No,Contract,Night,Allowed,Own Vehicle,Poor
1491,Hyderabad,Male,Marketing,Divorced,Master,Very Low,Mid,4,25,66830,29,47,No,Part-Time,Night,Not Allowed,Public Transport,Poor
1492,Hyderabad,Male,Support,Divorced,Bachelor,Very High,Junior,2,43,72446,8,20,Yes,Contract,Night,Allowed,Company Cab,Poor
1493,Hyderabad,Female,Sales,Single,Bachelor,Very Low,Senior,1,37,125078,6,54,Yes,Part-Time,Evening,Allowed,Own Vehicle,Poor
1494,Kolkata,Female,Marketing,Divorced,Bachelor,Very Low,Senior,2,32,35160,25,59,Yes,Part-Time,Night,Not Allowed,Own Vehicle,Good
1495,Bangalore,Female,Support,Widow,Master,Low,Junior,1,43,76583,20,27,Yes,Part-Time,Morning,Not Allowed,Company Cab,Poor
1496,Kolkata,Other,Marketing,Single,PhD,Very High,Senior,2,36,53998,23,26,Yes,Full-Time,Evening,Allowed,Company Cab,Average
1497,Mumbai,Male,Finance,Married,Bachelor,High,Lead,3,23,47230,14,30,No,Part-Time,Morning,Not Allowed,Own Vehicle,Average
1498,Mumbai,Male,Sales,Single,Bachelor,Low,Mid,5,50,29076,1,58,No,Full-Time,Night,Allowed,Company Cab,Average
1499,Bangalore,Other,Finance,Divorced,High School,Very Low,Mid,3,42,89341,22,23,Yes,Full-Time,Morning,Not Allowed,Public Transport,Poor
1500,Kolkata,Male,Sales,Married,Master,Very Low,Mid,3,29,51085,19,44,Yes,Part-Time,Night,Not Allowed,Public Transport,Average
1501,Delhi,Female,HR,Single,Bachelor,Very Low,Lead,5,49,75571,24,31,Yes,Contract,Night,Not Allowed,Own Vehicle,Good
1502,Hyderabad,Female,Support,Widow,Master,Very High,Mid,5,57,34715,11,45,No,Contract,Evening,Allowed,Public Transport,Poor
1503,Hyderabad,Female,Sales,Widow,Bachelor,Very High,Junior,4,43,148308,0,57,Yes,Contract,Evening,Allowed,Public Transport,Average
1504,Bangalore,Male,Finance,Single,PhD,Low,Senior,4,33,25750,22,31,Yes,Part-Time,Night,Not Allowed,Own Vehicle,Good
1505,Mumbai,Female,Marketing,Widow,PhD,High,Lead,3,52,133931,21,56,No,Contract,Evening,Not Allowed,Company Cab,Good
1506,Mumbai,Other,Sales,Widow,Bachelor,Low,Mid,3,43,98768,7,43,No,Full-Time,Morning,Not Allowed,Own Vehicle,Average
1507,Hyderabad,Other,Support,Widow,PhD,Medium,Junior,1,37,138544,4,35,No,Contract,Evening,Allowed,Public Transport,Good
1508,Bangalore,Male,Sales,Married,Bachelor,Very Low,Senior,1,41,55903,14,32,No,Part-Time,Evening,Not Allowed,Own Vehicle,Average
1509,Kolkata,Other,IT,Widow,PhD,Very Low,Senior,4,22,92489,0,44,Yes,Contract,Morning,Not Allowed,Own Vehicle,Good
1510,Mumbai,Other,Marketing,Widow,High School,Very Low,Lead,4,57,52093,0,23,No,Full-Time,Evening,Not Allowed,Public Transport,Poor
1511,Kolkata,Male,Support,Widow,High School,Low,Lead,1,26,111036,24,30,No,Part-Time,Night,Not Allowed,Public Transport,Poor
1512,Mumbai,Female,Support,Married,High School,Low,Lead,1,38,107954,9,51,Yes,Contract,Morning,Allowed,Own Vehicle,Poor
1513,Mumbai,Female,HR,Single,Master,Very Low,Junior,2,50,139277,21,26,Yes,Part-Time,Night,Allowed,Public Transport,Poor
1514,Chennai,Female,Finance,Divorced,Master,Low,Junior,2,42,54314,9,30,Yes,Part-Time,Morning,Not Allowed,Public Transport,Poor
1515,Mumbai,Male,HR,Widow,High School,Very High,Lead,1,53,68225,20,47,No,Part-Time,Night,Allowed,Public Transport,Average
1516,Delhi,Other,Support,Single,Master,Very High,Mid,2,50,107985,14,42,Yes,Contract,Night,Allowed,Public Transport,Poor
1517,Bangalore,Female,Marketing,Widow,PhD,Low,Senior,5,37,103014,16,42,No,Part-Time,Evening,Allowed,Public Transport,Poor
1518,Bangalore,Female,Sales,Married,Bachelor,Very Low,Senior,4,52,55179,21,47,No,Contract,Night,Not Allowed,Public Transport,Poor
1519,Kolkata,Male,Sales,Single,Bachelor,Low,Junior,4,34,137305,5,45,No,Full-Time,Evening,Allowed,Company Cab,Poor
1520,Mumbai,Female,Marketing,Married,Bachelor,Low,Senior,1,30,132417,2,44,Yes,Contract,Morning,Allowed,Own Vehicle,Good
1521,Delhi,Male,Support,Widow,High School,Low,Mid,3,56,45338,12,48,No,Full-Time,Night,Allowed,Public Transport,Poor
1522,Kolkata,Other,Sales,Widow,Master,Medium,Senior,1,54,112435,15,38,Yes,Contract,Night,Not Allowed,Own Vehicle,Poor
1523,Chennai,Male,Sales,Married,PhD,Very High,Junior,2,29,89681,7,52,Yes,Part-Time,Morning,Not Allowed,Company Cab,Average
1524,Kolkata,Male,Sales,Divorced,PhD,High,Junior,3,48,52101,29,55,Yes,Contract,Morning,Allowed,Public Transport,Good
1525,Kolkata,Male,Finance,Married,High School,High,Mid,2,31,22775,14,33,No,Part-Time,Night,Allowed,Own Vehicle,Average
1526,Mumbai,Male,Finance,Widow,PhD,Medium,Mid,5,34,131497,16,33,No,Full-Time,Morning,Not Allowed,Public Transport,Poor
1527,Chennai,Other,IT,Married,PhD,Low,Senior,2,59,117183,16,54,No,Contract,Evening,Not Allowed,Public Transport,Average
1528,Kolkata,Other,HR,Divorced,PhD,Medium,Senior,5,39,65619,21,49,Yes,Part-Time,Morning,Allowed,Public Transport,Average
1529,Delhi,Female,Marketing,Married,PhD,Medium,Junior,5,35,65838,25,47,No,Full-Time,Morning,Allowed,Public Transport,Poor
1530,Delhi,Other,Marketing,Divorced,Master,Very Low,Mid,2,48,141316,12,36,No,Full-Time,Night,Not Allowed,Public Transport,Good
1531,Bangalore,Other,Marketing,Divorced,PhD,Very High,Mid,2,44,39539,16,22,No,Contract,Evening,Not Allowed,Public Transport,Good
1532,Chennai,Female,IT,Married,Bachelor,High,Mid,5,28,122274,5,35,No,Full-Time,Morning,Allowed,Public Transport,Average
1533,Chennai,Other,Finance,Married,High School,Low,Senior,3,29,77124,16,49,No,Part-Time,Evening,Not Allowed,Company Cab,Poor
1534,Bangalore,Male,Support,Single,Master,High,Mid,5,53,85149,15,48,Yes,Full-Time,Evening,Allowed,Company Cab,Average
1535,Kolkata,Male,Support,Widow,PhD,High,Junior,4,53,46616,13,34,Yes,Full-Time,Evening,Allowed,Public Transport,Average
1536,Chennai,Female,IT,Divorced,Master,Very High,Junior,5,39,99655,12,44,Yes,Part-Time,Night,Allowed,Public Transport,Average
1537,Delhi,Female,Support,Single,PhD,High,Senior,3,23,110695,5,57,Yes,Full-Time,Morning,Not Allowed,Company Cab,Poor
1538,Delhi,Female,Marketing,Married,Bachelor,High,Lead,4,30,74567,2,57,No,Full-Time,Night,Allowed,Company Cab,Poor
1539,Mumbai,Male,HR,Widow,High School,Medium,Senior,1,21,57099,13,42,Yes,Full-Time,Morning,Allowed,Company Cab,Good
1540,Chennai,Other,Sales,Single,PhD,Very High,Lead,1,49,95831,13,44,No,Full-Time,Morning,Not Allowed,Public Transport,Poor
1541,Kolkata,Male,Finance,Divorced,PhD,Very Low,Mid,3,54,120246,14,26,Yes,Part-Time,Night,Not Allowed,Own Vehicle,Average
1542,Bangalore,Female,Finance,Single,PhD,Low,Senior,5,33,81799,7,41,Yes,Full-Time,Evening,Allowed,Own Vehicle,Average
1543,Bangalore,Other,IT,Divorced,PhD,High,Junior,2,21,140714,28,36,Yes,Part-Time,Evening,Allowed,Own Vehicle,Good
1544,Kolkata,Other,Finance,Married,High School,Low,Mid,3,54,110221,14,37,No,Full-Time,Morning,Not Allowed,Own Vehicle,Poor
1545,Hyderabad,Male,Marketing,Widow,High School,Very Low,Junior,4,49,134879,21,29,No,Full-Time,Night,Not Allowed,Public Transport,Average
1546,Mumbai,Female,Support,Widow,Bachelor,Low,Mid,4,33,45479,28,29,Yes,Full-Time,Evening,Not Allowed,Own Vehicle,Good
1547,Bangalore,Male,Marketing,Widow,High School,Very Low,Senior,1,49,66172,26,26,No,Full-Time,Evening,Allowed,Company Cab,Good
1548,Chennai,Other,IT,Married,PhD,Medium,Lead,4,59,119165,12,57,Yes,Part-Time,Morning,Allowed,Company Cab,Average
1549,Mumbai,Male,Marketing,Divorced,Bachelor,High,Mid,3,44,75863,16,46,Yes,Part-Time,Morning,Allowed,Own Vehicle,Average
1550,Chennai,Male,Support,Married,Bachelor,Very Low,Lead,4,46,62043,20,52,Yes,Part-Time,Night,Not Allowed,Company Cab,Poor
